Nom_molécule,Segment,Précision,Rappel,F1-score
CH3OH,1,0.8113207547169812,0.08531746031746032,0.15439856373429084
