Nom_molécule,Segment,Précision,Rappel,F1-score
Formamide,1,0.4642857142857143,0.025793650793650792,0.04887218045112782
